username,labels,comments
DrWilliamsMD,0,"Spent the morning in surgery helping patients regain their health. It's incredibly rewarding to see their progress."
VetCareChampion,1,"Provided vaccinations and wellness exams to pets today. Preventive care is key to keeping our furry friends healthy!"
DrGonzalezMD,0,"Collaborated with a multidisciplinary team to develop a comprehensive treatment plan for a complex case. Teamwork saves lives."
VetCompassionateHands,1,"Comforted a distressed pet owner today and provided compassionate care to their furry companion. Building trust with clients is essential."
DrMartinezMD,0,"Conducted rounds at the hospital checking on each patient's progress and adjusting treatment plans as needed."
VetClinicExpertise,1,"Performed a thorough physical exam on a new patient today ensuring we have a clear picture of their health status."
DrTaylorMD,0,"Attended a conference to stay updated on the latest medical advancements and best practices. Continuous learning is crucial in medicine."
VetLifeSaverHero,1,"Responded to an emergency call and provided life-saving care to an injured animal. Every second counts in emergency medicine."
DrHallMD,0,"Reviewed lab results and consulted with specialists to provide the best possible care for my patients. Collaboration is key to success."
VetAnimalAdvocateCare,1,"Educated pet owners on responsible pet ownership and the importance of spaying and neutering. Preventing overpopulation starts with us."
DrWilsonMD,0,"Spent the day in the pediatric ward bringing smiles to the faces of young patients. Pediatric medicine is both challenging and rewarding."
VetWellnessGuardian,1,"Promoted pet wellness through educational seminars and preventive care appointments. Healthy pets lead happier lives!"
DrClarkMD,0,"Conducted research on a new treatment approach for a rare condition. Excited about the potential impact on patient outcomes."
VetSurgerySpecialist,1,"Performed a successful surgery on a senior dog improving their quality of life. Surgery can be transformative for pets and their families."
DrEvansMD,0,"Provided telemedicine consultations to patients ensuring they receive timely care from the comfort of their homes."
VetEmergencyResponder,1,"Responded to a pet emergency and stabilized the patient for transport to the clinic. Quick action can save lives in critical situations."
DrBakerMD,0,"Mentored medical students during their clinical rotations sharing insights and experiences from my years in practice."
VetNutritionExpert,1,"Offered dietary recommendations tailored to each pet's unique needs promoting optimal health and wellness."
DrSmith,0,Practicing medical doctor specializing in cardiology.
DrJohnsonMD,0,"DrJohnsonMD here currently on rounds in the pediatric ward. Treating our youngest patients always brings a smile to my face."
DrThompsonMD,0,"Just finished reviewing patient charts and consulting with specialists. Collaboration is key to providing comprehensive care."
DrParkerMD,0,"Preparing for an upcoming surgery. As a surgeon precision and focus are essential for successful outcomes."
DrGarciaMD,0,"Currently in the ICU monitoring patients and adjusting treatment plans as needed. Every decision counts in critical care."
DrMartinezMD,0,"Taking a brief break between appointments. It's important to recharge and stay focused for the next patient."
DrLopezMD,0,"Discussing treatment options with a patient and their family. Communication and empathy are vital in patient care."
DrRamirezMD,0,"Participating in grand rounds with colleagues. Continuous learning is essential for staying up-to-date in medicine."
DrSanchezMD,0,"Volunteering at a free clinic this weekend. Providing care to underserved communities is a fulfilling experience."
DrFisherMD,0,"Attending a medical conference to present my research findings. Sharing knowledge advances the field of medicine."
DrGonzalezMD,0,"Just received a challenging case. Reviewing literature and consulting with peers to determine the best course of action."
DrHernandezMD,0,"Currently conducting physical exams and discussing preventive care with patients. Educating patients promotes wellness."
DrLopezMD,0,"Updating patient records and documenting treatment plans. Accurate documentation ensures continuity of care."
DrNguyenMD,0,"Participating in a multidisciplinary team meeting to discuss complex cases. Collaboration enhances patient outcomes."
DrChangMD,0,"Preparing for a telemedicine consultation. Embracing technology expands access to healthcare for patients."
DrWangMD,0,"Attending a seminar on cultural competence in healthcare. Diversity awareness promotes patient-centered care."
DrWilsonMD,0,"Conducting clinical research to evaluate new treatment modalities. Research drives innovation in medical practice."
DrYoungMD,0,"Participating in a community health fair to promote wellness and preventive care. Outreach improves public health."
DrMartinezMD,0,"Reviewing diagnostic test results and adjusting treatment plans accordingly. Precision is crucial in patient management."
DrGomezMD,0,"Mentoring medical students during their clinical rotations. Passing on knowledge ensures the next generation of physicians is prepared."
VetClinic123,1,Practicing veterinarian offering services for small animals.
MedStudent2023,2,Currently studying medicine at XYZ Medical School.
NurseJane,2,Registered nurse working in a hospital setting.
VetTechSara,2,Veterinary technician assisting in surgeries and patient care.
DrJohnson,0,Consultant to various medical clinics providing expertise in internal medicine.
DrLee,0,Primary care physician managing a busy clinic in downtown.
VetStudent456,2,Attending veterinary school with a focus on large animal medicine.
DrChen,0,General surgeon performing advanced procedures at a renowned hospital.
AnimalHospitalXYZ,1,Full-service animal hospital led by experienced veterinarians.
VetAssistantMike,2,Assisting veterinarians in daily tasks and animal care.
DrPatel,0,Practicing pediatrician with a passion for children's health.
VetSpecialistClinic,1,Specialty clinic offering advanced veterinary care for exotic animals.
DrGarcia,0,Family medicine physician providing comprehensive care to patients of all ages.
AnimalRescueCenter,2,Rescue organization dedicated to the welfare of animals in need.
DrWong,0,Anesthesiologist administering anesthesia during surgeries.
VetEmergencyClinic,1,24/7 emergency veterinary clinic staffed with skilled veterinarians.
DrAnderson,0,Orthopedic surgeon specializing in sports medicine.
VetCareClinic,1,Local veterinary clinic providing wellness exams and vaccinations.
MedSchoolGrad2022,2,Recent medical school graduate awaiting residency placement.
NursePractitionerEmily,2,Advanced practice nurse specializing in geriatrics.
VetSurgerySpecialist,1,Board-certified veterinary surgeon offering advanced surgical procedures.
DrMartinez,0,Psychiatrist offering therapy and medication management for mental health conditions.
WildlifeRehabilitationCenter,2,Non-profit organization rehabilitating injured wildlife for release.
DrNguyen,0,Oncologist treating cancer patients with chemotherapy and radiation therapy.
EquineVeterinarianClinic,1,Equine veterinary clinic specializing in horse health and performance.
MedSchoolAdmissions,2,Admissions counselor for a medical school assisting prospective students.
DrThompson,0,Neurologist specializing in disorders of the nervous system.
ExoticPetVetClinic,1,Veterinary clinic specializing in exotic pet care.
NurseJohn,2,Registered nurse working in the intensive care unit.
DrKim,0,Endocrinologist managing hormonal imbalances and diabetes.
AnimalShelterVolunteer,2,Volunteer at a local animal shelter helping with adoptions and care.
DrRamirez,0,Cardiothoracic surgeon performing complex heart surgeries.
MobileVetServices,1,Mobile veterinary service providing in-home care for pets.
MedTechCompanyRep,2,Representative for a medical technology company promoting innovative products.
DrFischer,0,Gastroenterologist specializing in digestive disorders.
DrAnderson,0,Hey there! I'm Dr. Anderson and I spend my days fixing up bones and muscles as an orthopedic surgeon especially love helping athletes get back on their feet!
VetCareClinic,1,Welcome to VetCare Clinic where we're all about keeping your furry friends healthy and happy! Swing by for a checkup anytime!
MedSchoolGrad2022,2,Just graduated from med school last year! Now eagerly waiting to find out where I'll be doing my residency. The anticipation is killing me!
NursePractitionerEmily,2,Hi everyone! I'm Emily a nurse practitioner specializing in caring for older adults. It's a tough job but I wouldn't trade it for anything!
VetSurgerySpecialist,1,Hi I'm Dr. Smith your friendly neighborhood veterinary surgeon. Whether it's a routine spay or a tricky tumor removal I've got your pet covered!
DrMartinez,0,Hello I'm Dr. Martinez a psychiatrist here to lend an empathetic ear and a helping hand to those struggling with mental health challenges. You're not alone!
WildlifeRehabilitationCenter,2,Hey folks! I work at the wildlife rehabilitation center where we're dedicated to giving injured animals a second chance at life. Every little critter deserves a fighting chance!
DrNguyen,0,Greetings I'm Dr. Nguyen an oncologist fighting the good fight against cancer. Together we'll navigate this journey with strength and hope.
EquineVeterinarianClinic,1,Howdy! At the Equine Veterinarian Clinic we're passionate about keeping your horses healthy and happy. From routine checkups to emergency surgeries we've got you covered!
MedSchoolAdmissions,2,Hey there future docs! As an admissions counselor at XYZ Medical School I'm here to guide you through the application process and help make your med school dreams a reality.
DrThompson,0,Hi I'm Dr. Thompson a neurologist specializing in unraveling the mysteries of the brain and nervous system. Let's work together to find answers.
ExoticPetVetClinic,1,Welcome to the Exotic Pet Vet Clinic where every animal is special! From snakes to sugar gliders we're here to provide top-notch care for your unique pets.
NurseJohn,2,Hi I'm John a registered nurse working in the ICU. It's a challenging environment but knowing I can make a difference in someone's life keeps me going every day.
DrKim,0,Hello I'm Dr. Kim an endocrinologist specializing in balancing hormones and managing diabetes. Let's tackle your health goals together!
AnimalShelterVolunteer,2,Hey animal lovers! I volunteer at the local shelter where every wag of a tail and purr of contentment makes my day brighter. Come join me in spreading some love!
DrRamirez,0,Hola! I'm Dr. Ramirez a cardiothoracic surgeon with a passion for fixing hearts. Together let's keep those tickers ticking!
MobileVetServices,1,Hey pet parents! I'm Dr. Taylor your friendly neighborhood mobile vet. From house calls to emergency visits I'll bring quality care right to your doorstep!
MedTechCompanyRep,2,Hi there! I work for a med tech company developing cutting-edge products to revolutionize healthcare. Exciting stuff!
DrFischer,0,Good day I'm Dr. Fischer a gastroenterologist dedicated to keeping your tummy troubles at bay. Let's get to the bottom of things shall we?
HealingPawsVet,1,Hi there! I'm Dr. Harper the friendly face behind Healing Paws Vet. Whether it's a puppy's first checkup or a senior cat needing extra TLC we're here for you!
MedSchoolDreamer,2,Hey everyone! Just a med school hopeful here studying hard and dreaming big. One day I'll be wearing that white coat!
NurseJoy94,2,Hello I'm Joy a registered nurse on a mission to spread compassion and care wherever I go. Let's make the world a little brighter one patient at a time!
FurryFriendsVetClinic,1,Welcome to Furry Friends Vet Clinic where tails wag and purrs abound! Dr. Riley here ready to give your pets the love and care they deserve.
MedTechEnthusiast,2,Hey tech enthusiasts! I'm Sarah passionate about all things medical technology. Let's innovate and elevate healthcare together!
SunshineAnimalRescue,2,Hi I'm Alex volunteering at Sunshine Animal Rescue. Seeing those furry faces find forever homes makes my heart sing!
HeartBeatSavior,0,Hello I'm Dr. Cooper a cardiologist on a mission to keep hearts healthy and strong. Together let's make every heartbeat count!
PetWellnessMobile,1,Greetings! I'm Dr. Logan your go-to mobile vet for all things pet health. From wellness exams to acupuncture I've got your fur babies covered!
MedSchoolJourneyAhead,2,Hey friends! Currently navigating the winding road to med school. It's a journey filled with ups and downs but I'm ready for the challenge!
CompassionateCareRN,2,Hi there I'm Emily an RN dedicated to providing compassionate care to those in need. Every patient's story touches my heart.
AnimalAdvocate95,2,Hello I'm Max advocating for our furry friends' rights and welfare. Let's be their voice and make a difference!
PawsAndClawsEmergency,1,Hey pet parents! Dr. Jordan here leading the charge at Paws & Claws Emergency Clinic. Your pet's health and happiness are our top priorities!
FutureDrSmith,2,Hello world! Just a future Dr. Smith here chasing the dream of becoming a healer and a helper.
TechInnovationMed,2,Hi I'm David exploring the intersection of technology and medicine. Together let's push the boundaries of what's possible!
HappyTailsSanctuary,2,Welcome to Happy Tails Sanctuary! I'm Lily dedicated to giving every animal the love and care they deserve.
MendingHandsVet,1,Hello I'm Dr. Parker your partner in pet care at Mending Hands Vet. Let's keep those tails wagging and whiskers twitching!
MedSchoolHopeful22,2,Greetings! Just a hopeful future doc here dreaming of stethoscopes and scrubs. One day I'll be making a difference in patients' lives.
AnimalWelfareWarrior,2,Hey everyone I'm Sam fighting for the rights and well-being of animals everywhere. Together we can create a kinder world for our furry friends.
ERVeteranTech,2,As an ER veteran tech I've seen it all. From frantic nights to calm emergencies I've been the backbone of our team. Sure we've had our share of clashes with new residents but it's all part of the job.
IMTechGuru,2,In the realm of Internal Medicine I'm the go-to tech. Years of experience have taught me the ins and outs of patient care. But sometimes dealing with green residents can test even the most seasoned professional.
VetERExpert,2,As a seasoned veterinary ER tech I've nursed countless furry patients back to health. The constant hustle and bustle of the ER can be draining especially when dealing with rookie residents who don't quite grasp the urgency.
ERAssistantExtraordinaire,2,In the fast-paced world of the ER I'm the assistant extraordinaire. Juggling multiple tasks while keeping the chaos at bay is all in a day's work. But when residents drag their feet it's hard not to feel the strain.
IMVeteranAssistant,2,With years of experience in Internal Medicine I've seen my fair share of rookies come and go. While some residents are eager to learn from seasoned assistants others can be a bit too full of themselves.
VeterinaryERPro,2,As a veteran in the veterinary ER I've learned to expect the unexpected. But when inexperienced residents slow down the pace it can throw off the entire team's rhythm.
ERSpecialistTech,2,Specializing in the ER has its challenges especially when dealing with residents who are still finding their footing. But every chaotic shift teaches me something new about patience and resilience.
IMTechVeteran,2,In the world of Internal Medicine I'm the tech veteran who's seen it all. From code blues to routine check-ups I've got the experience to handle whatever comes my way. But dealing with overconfident residents can be a whole other challenge.
VeterinaryTechGuru,2,As a guru in the veterinary world I've honed my skills over years of practice. But when new residents slow down our workflow it's hard not to feel the frustration bubbling up.
ERSeniorAssistant,2,As a senior assistant in the ER I've weathered my fair share of storms. But when inexperienced residents fail to heed our advice it can lead to unnecessary chaos and frustration.
SamanthaMiller,2,Working in the ER and specialty departments for years I've seen the clashes between experienced techs and new residents firsthand. The constant struggle to maintain efficiency in a packed schedule is no easy feat.
JakeRoberts,2,Having spent years in Internal Medicine I've encountered my fair share of resident rotations. While some residents are receptive to advice from experienced techs others seem determined to learn the hard way leading to unnecessary tension.
EmilyChang,2,As a seasoned veterinary technician I've become accustomed to the fast-paced environment of the ER. However clashes with inexperienced residents can test even the most patient of professionals especially when it means staying late due to slowed workflows.
BenjaminWong,2,With a background in the ER I've grown accustomed to the constant hustle and bustle. However clashes between seasoned techs and new residents can disrupt the delicate balance leading to frustration and burnout.
SophieJones,2,As an experienced assistant in Internal Medicine I've learned to navigate the challenges of working alongside residents with varying levels of experience. While some are eager to learn from experienced professionals others can be resistant causing unnecessary friction.
RyanSmith,2,In the world of veterinary medicine I've seen it all. From frantic emergencies to routine check-ups I've honed my skills over years of practice. However clashes with new residents can disrupt the workflow leading to inefficiencies and frustration.
NatalieTaylor,2,As a veteran in the ER I've learned to expect the unexpected. However clashes with inexperienced residents can add unnecessary stress to an already demanding environment leading to burnout and frustration among the team.
EthanNguyen,2,Having worked in Internal Medicine for years I've witnessed the challenges of integrating new residents into the team. While some are eager to learn from experienced techs others seem reluctant to accept guidance leading to tension and inefficiencies.
OliviaBrown,2,As a seasoned veterinary technician I've encountered my fair share of clashes with inexperienced residents. While some are receptive to advice and guidance others seem determined to learn through trial and error leading to frustration and tension in the workplace.
DanielGarcia,2,In the fast-paced world of the ER clashes between experienced techs and new residents are inevitable. However finding common ground and fostering open communication is essential to maintaining a harmonious work environment.
EmilySmith,0,"Dr. Emily Smith specializing in pediatric medicine at St. Mary's Hospital."
JohnDoe,1,"Veterinarian John Doe known for his expertise in exotic animal care."
SarahJohnson,2,"Sarah Johnson medical student at XYZ University passionate about cardiology."
DavidBrown,0,"Dr. David Brown renowned neurosurgeon with over 20 years of experience."
RachelGarcia,1,"Dr. Rachel Garcia leading veterinarian in orthopedic surgery for pets."
MichaelNguyen,2,"Michael Nguyen registered nurse at ABC Clinic dedicated to patient care."
RebeccaClark,0,"Dr. Rebecca Clark family physician offering holistic healthcare solutions."
JessicaLee,1,"Veterinarian Jessica Lee specializing in equine sports medicine."
KevinPatel,2,"Kevin Patel medical technician assisting in laboratory diagnostics."
AidenMiller,0,"Dr. Aiden Miller esteemed oncologist at City Hospital advocating for patient empowerment."
HannahWilson,1,"Dr. Hannah Wilson veterinary consultant for animal shelters promoting animal welfare."
EllaRoberts,2,"Ella Roberts aspiring medical researcher passionate about finding a cure for cancer."
JacobThompson,0,"Dr. Jacob Thompson leading cardiologist known for innovative treatment approaches."
SamanthaHall,1,"Veterinarian Samantha Hall providing mobile veterinary services for farm animals."
BrandonWong,2,"Brandon Wong medical receptionist ensuring smooth operations at the clinic."
OliviaMartin,0,"Dr. Olivia Martin respected dermatologist offering personalized skincare solutions."
NatalieChen,1,"Dr. Natalie Chen specializing in wildlife conservation medicine dedicated to protecting endangered species."
RyanLewis,2,"Ryan Lewis medical equipment sales representative ensuring healthcare facilities have the latest technology."
IsabellaYoung,0,"Dr. Isabella Young renowned psychiatrist advocating for mental health awareness."
DanielGonzalez,1,"Veterinarian Daniel Gonzalez leading expert in exotic bird care."
SophiaTaylor,2,"Sophia Taylor medical billing specialist ensuring patients receive accurate invoices."
DrSmith,0,Practicing medical doctor specializing in cardiology.
VetClinic123,1,Practicing veterinarian offering services for small animals.
DrJohnson,0,Consultant to various medical clinics providing expertise in internal medicine.
VetSpecialistClinic,1,Specialty clinic offering advanced veterinary care for exotic animals.
DrPatel,0,Practicing pediatrician with a passion for children's health.
VetEmergencyClinic,1,24/7 emergency veterinary clinic staffed with skilled veterinarians.
DrAnderson,0,Orthopedic surgeon specializing in sports medicine.
MedSchoolGrad2022,2,Recent medical school graduate awaiting residency placement.
DrMartinez,0,Psychiatrist offering therapy and medication management for mental health conditions.
WildlifeRehabilitationCenter,2,Non-profit organization rehabilitating injured wildlife for release.
DrNguyen,0,Oncologist treating cancer patients with chemotherapy and radiation therapy.
AnimalShelterVolunteer,2,Volunteer at a local animal shelter helping with adoptions and care.
DrRamirez,0,Cardiothoracic surgeon performing complex heart surgeries.
MedTechCompanyRep,2,Representative for a medical technology company promoting innovative products.
DrFischer,0,Gastroenterologist specializing in digestive disorders.
DrSmith,0,"Good morning everyone. Let's discuss Mr. Johnson's recent echocardiogram results. It seems there's some concern regarding his left ventricular function."
DrJohnson,0,"Morning Dr. Smith. I reviewed Mrs. Thompson's lab results from yesterday. Her hemoglobin levels are within normal range but her blood pressure is slightly elevated."
DrPatel,0,"Afternoon Dr. Johnson. I just finished examining young Tommy. His symptoms seem indicative of strep throat. I recommend starting him on a course of antibiotics and plenty of fluids."
DrNguyen,0,"Good afternoon Dr. Patel. I have a new patient Mrs. Ramirez with stage 2 breast cancer. I'd like to discuss treatment options and referrals for oncology consultations."
VetClinic123,1,"Morning everyone. Let's start the day with a review of our surgical schedule. We have two spays one neuter and a dental cleaning on the agenda."
VetSpecialistClinic,1,"Good morning Dr. Kim. I received the radiographs for Max's hip dysplasia evaluation. It looks like he'll need surgical intervention. Shall we schedule him for next week?"
VetEmergencyClinic,1,"Afternoon Dr. Chen. We have an urgent case coming inâ€”a dog with suspected bloat. I've prepped the OR and notified the surgical team. Let's be ready to act fast."
ExoticPetVetClinic,1,"Hey there Dr. Patel. I have a consultation with Mr. Anderson regarding his iguana's dietary needs. He's concerned about calcium deficiencies. Shall I pull up the latest research?"
EquineVeterinarianClinic,1,"Good afternoon Dr. Lee. We have a client coming in later to discuss a lameness issue with their horse. Shall we prepare the ultrasound machine and set up for a joint examination?"
EmilySmith,0,"Dr. Emily Smith specializing in pediatric medicine at St. Mary's Hospital."
JohnDoe,1,"Veterinarian John Doe known for his expertise in exotic animal care."
SarahJohnson,2,"Sarah Johnson medical student at XYZ University passionate about cardiology."
DavidBrown,0,"Dr. David Brown renowned neurosurgeon with over 20 years of experience."
RachelGarcia,1,"Dr. Rachel Garcia leading veterinarian in orthopedic surgery for pets."
MichaelNguyen,2,"Michael Nguyen registered nurse at ABC Clinic dedicated to patient care."
RebeccaClark,0,"Dr. Rebecca Clark family physician offering holistic healthcare solutions."
JessicaLee,1,"Veterinarian Jessica Lee specializing in equine sports medicine."
KevinPatel,2,"Kevin Patel medical technician assisting in laboratory diagnostics."
AidenMiller,0,"Dr. Aiden Miller esteemed oncologist at City Hospital advocating for patient empowerment."
HannahWilson,1,"Dr. Hannah Wilson veterinary consultant for animal shelters promoting animal welfare."
EllaRoberts,2,"Ella Roberts aspiring medical researcher passionate about finding a cure for cancer."
JacobThompson,0,"Dr. Jacob Thompson leading cardiologist known for innovative treatment approaches."
SamanthaHall,1,"Veterinarian Samantha Hall providing mobile veterinary services for farm animals."
BrandonWong,2,"Brandon Wong medical receptionist ensuring smooth operations at the clinic."
OliviaMartin,0,"Dr. Olivia Martin respected dermatologist offering personalized skincare solutions."
NatalieChen,1,"Dr. Natalie Chen specializing in wildlife conservation medicine dedicated to protecting endangered species."
RyanLewis,2,"Ryan Lewis medical equipment sales representative ensuring healthcare facilities have the latest technology."
IsabellaYoung,0,"Dr. Isabella Young renowned psychiatrist advocating for mental health awareness."
DanielGonzalez,1,"Veterinarian Daniel Gonzalez leading expert in exotic bird care."
SophiaTaylor,2,"Sophia Taylor medical billing specialist ensuring patients receive accurate invoices."
DrEmilySmith,0,Good morning everyone! Just finished my rounds at the hospital. Remember to stay hydrated and take breaks during your shifts. #DoctorLife #Wellness
VetExpert123,1,Hey pet parents! Wondering if anyone has tips for keeping indoor cats entertained? Let's share some ideas! #PetParent #CatLover
DrCaringHeart,0,Just had a heartwarming moment with a patient who's recovering from surgery. Moments like these remind me why I chose this profession. #Doctor #Compassion
PetCarePro456,1,Attention dog lovers! What are your favorite homemade treats to spoil your furry friends? Share your recipes below! #DogLover #SpoiledPup
DrJonesMD,0,To all my fellow doctors: Remember to practice self-care and prioritize your mental health. It's okay to take a break when you need it. You're not alone. #PhysicianWellness #SelfCare
FelineFriendlyVet,1,Calling all cat owners! Have you found any effective methods for reducing hairballs in your feline friends? Let's help each other out! #CatHealth #HairballRemedy
DrHealthyLiving,0,Healthy habits are the foundation of a happy life. Remember to eat well exercise regularly and get enough sleep. Your body will thank you! #HealthTips #Wellness
AnimalWellnessClinic,1,Attention all pet lovers! Did you know that regular dental care is crucial for your pet's overall health? Let's talk about how to keep those pearly whites shining! #PetDentalHealth #HealthyPets
DrSamanthaJones,0,Just finished a marathon surgery session! Feeling tired but fulfilled knowing I've made a difference in my patients' lives. #SurgeonLife #SavingLives
PawsAndClawsVet,1,Hello fur parents! I'm curious how do you handle your pet's anxiety during thunderstorms or fireworks? Let's exchange tips and tricks! #PetAnxiety #ThunderstormSeason
DrWellnessJourney,0,Embarking on a wellness journey is a commitment to self-love and self-improvement. Let's support each other along the way! #WellnessCommunity #SelfLove
WildlifeVetAdventures,1,Calling all wildlife enthusiasts! As a wildlife vet every day is an adventure. Share your most memorable wildlife encounters in the comments! #WildlifeVet #AnimalEncounters
DrMichaelSmith,0,Shoutout to all the nurses techs and support staff who work tirelessly behind the scenes to keep healthcare running smoothly. You're the unsung heroes of the medical world! #HealthcareHeroes #Teamwork
HappilyEverAfterVet,1,Hey there pet pals! Share your pet adoption stories with us! Let's spread some love and positivity. #AdoptDontShop #RescuePets
DrCuddles,0,Sometimes a hug from a patient is the best medicine. Sending virtual hugs to anyone who needs one today! #DoctorLove #VirtualHugs
PawsitiveVibesVet,1,Attention all dog lovers! Let's talk about the importance of regular exercise for our furry companions. What are your favorite ways to keep your pups active? #DogExercise #HealthyHound
DrAdam22MD,0,"Hey everyone! I'm Dr. Adam. Just finished a challenging surgery feeling grateful for the opportunity to make a difference."
PetLoverFreshBread24,1,"What's up pet lovers! FreshBread24 here. Thinking about getting a new pet fish. Any advice for a first-time fish owner?"
DrHealingHands,0,"Good day folks! I'm Dr. HealingHands. Remember a little kindness can go a long way in healing both body and soul."
AnimalWhisperer99,1,"Hello animal aficionados! I'm AnimalWhisperer99. Ever had a pet with a quirky behavior that just melts your heart? Share your stories!"
DrBrightEyes,0,"Greetings everyone! I'm Dr. BrightEyes. Let's talk about the importance of protecting your vision through regular eye exams."
PetPals4Life,1,"Hiya pet pals! PetPals4Life here. Let's dive into the world of pet nutrition. What's your pet's favorite healthy snack?"
DrHealthyHabits,0,"Hey there health enthusiasts! Dr. HealthyHabits here. Remember consistency is key when it comes to building a healthier lifestyle."
PawsAndClawsVetCare,1,"Hey animal lovers! PawsAndClawsVetCare here. Let's chat about pet dental health. What's your go-to method for keeping your pet's teeth clean?"
DrHeartbeat,0,"Howdy everyone! Dr. Heartbeat here. Let's spread some positivity today. Tag someone who's made a positive impact on your life!"
PetParadise24,1,"Hello fellow pet enthusiasts! PetParadise24 here. Thinking of adopting a rescue pet? Share your adoption success stories below!"
DrPawsitive,0,"Good morning friends! Dr. Pawsitive here. Remember to take a moment to appreciate the little joys in life."
VetVibes365,1,"Hey there pet parents! VetVibes365 checking in. Let's talk about the benefits of pet insurance. Have you considered it for your furry friend?"
DrWellnessWarrior,0,"Hi everyone! Dr. WellnessWarrior here. Let's discuss the power of mindfulness in our daily lives. How do you practice mindfulness?"
PetProdigy23,1,"What's up animal enthusiasts! PetProdigy23 here. Share photos of your pets showing off their unique personalities!"
DrFurAndFeathers,0,"Hello fellow animal lovers! Dr. FurAndFeathers here. Let's celebrate our pets by sharing the ways they've brought joy into our lives."
PurrfectPawsVet,1,"Meow! PurrfectPawsVet here. Let's chat about the benefits of indoor vs. outdoor cats. What's your preference?"
DrSereneSoul,0,"Good day everyone! Dr. SereneSoul here. Take a deep breath and find a moment of calm amidst the chaos. You've got this!"
PetHealthGuru42,1,"Hey pet lovers! PetHealthGuru42 here. Let's talk about pet obesity and how we can help our furry friends maintain a healthy weight."
DrNatureHeals,0,"Greetings nature lovers! Dr. NatureHeals here. Take a stroll outside and soak up some vitamin N (nature). It's good for the soul!"
FurryFriendFanatic99,1,"Hello fellow pet enthusiasts! FurryFriendFanatic99 here. Let's swap stories about the silliest antics our pets have gotten into."
DrSoulSearcher,0,"Hey friends! Dr. SoulSearcher here. Let's take a moment to reflect on what we're grateful for today. What's bringing you joy right now?"
VetVenturesUnleashed,1,"Howdy pet parents! VetVenturesUnleashed here. Let's explore the great outdoors with our furry companions. Share your favorite hiking spots!"
DrPetPaws,0,"Greetings everyone! I'm Dr. PetPaws. Today let's talk about the importance of regular exercise for our furry friends. What activities do you and your pets enjoy?"
VetCareHero42,1,"Hey pet lovers! VetCareHero42 here. Thinking of adding a new member to your family? Let's discuss the responsibilities and joys of pet ownership."
DrSunnySmiles,0,"Hello fellow humans! Dr. SunnySmiles here. Remember to spread kindness wherever you go. You never know whose day you might brighten. ðŸ˜Š"
FurryFriendFanatic88,1,"Meow! FurryFriendFanatic88 here. Share your favorite cat memes with us! Let's have a purr-fectly delightful time together."
VetExplorer55,1,"Howdy pet parents! VetExplorer55 checking in. Let's share our favorite pet-friendly travel destinations. Where have you and your furry friends explored?"
DrHappyPaws,0,"Hi there! Dr. HappyPaws here. Let's take a moment to appreciate the unconditional love and companionship our pets provide. Share a photo of your beloved pet!"
PetWellnessGuru,1,"Hey pet enthusiasts! PetWellnessGuru here. Let's delve into the world of pet massage therapy. Have you ever tried it with your furry friend? Share your experiences!"
DrNatureNurturer,0,"Good day nature lovers! Dr. NatureNurturer here. Let's celebrate the beauty of the great outdoors. Share your favorite nature photos or outdoor adventures!"
VetCareCompassion,1,"Hello compassionate souls! VetCareCompassion here. Let's discuss the emotional bond between pets and their owners. Share a heartwarming story about your pet!"
DrPawsAndClaws,0,"Hey animal aficionados! Dr. PawsAndClaws here. Today let's talk about the importance of microchipping our pets. Have you microchipped your furry friend? Share your thoughts!"
PetLoverExtraordinaire,1,"Attention pet parents! PetLoverExtraordinaire here. Let's chat about the benefits of adopting senior pets. Share your experiences and spread the love for our golden oldies!"
VetCareAdvocate,1,"Hey pet advocates! VetCareAdvocate here. Let's raise awareness about the importance of spaying and neutering our pets. Together we can help reduce pet overpopulation."
DrPawsOnCall,0,"Greetings animal lovers! Dr. PawsOnCall here. Let's share tips for dealing with pet emergencies at home. What essentials should every pet owner have in their first aid kit?"
PetWellnessEnthusiast,1,"Hi pet pals! PetWellnessEnthusiast here. Let's discuss holistic approaches to pet health and wellness. Share your favorite natural remedies for common pet ailments."
VetHeroicHeart,1,"Hello pet heroes! VetHeroicHeart here. Let's honor our furry friends who have served as therapy animals. Share a story about a pet that has made a difference in someone's life."
DrSunshineSmiles,0,"Good morning sunshine! Dr. SunshineSmiles here. Let's brighten someone's day with a random act of kindness. Share your heartwarming stories and spread the love!"
PetCareSavvy,1,"Hey there pet lovers! PetCareSavvy here. Let's talk about pet dental health. What are your tips for keeping your pet's teeth clean and healthy?"
VetCareTrailblazer,1,"Attention trailblazers! VetCareTrailblazer here. Let's discuss the latest advancements in veterinary medicine. What innovations are you most excited about?"
DrFurryFriends,0,"Hello fellow pet enthusiasts! Dr. FurryFriends here. Let's celebrate our furry companions by sharing photos of our pets enjoying their favorite activities. Show us those happy tails!"
PetWellnessWarrior,1,"Greetings wellness warriors! PetWellnessWarrior here. Let's explore the benefits of alternative therapies for pets such as acupuncture and hydrotherapy. Share your experiences!"
DrSmithMD,0,"Just wrapped up a busy day at the hospital. Grateful for the opportunity to make a difference in my patients' lives."
VetCareExpert,1,"Today was filled with furry friends and wagging tails. Being a veterinarian is truly rewarding!"
NurseJane,2,"Administered medications and assisted doctors in patient care today. Every day is a learning experience!"
DrJohnsonMD,0,"Performed a successful surgery today. It's moments like these that remind me why I became a doctor."
VetTechSam,2,"Assisted veterinarians in surgeries and provided care to our animal patients. Proud to be part of the veterinary team!"
MedStudent123,2,"Studying hard to become a medical doctor one day. Every step of this journey is worth it!"
DrPaws,1,"Helped a variety of animals today from cats to dogs to exotic pets. Veterinary medicine is my passion!"
NurseCarey,2,"Provided compassionate care to patients and supported doctors in their treatment plans. Nursing is more than just a job; it's a calling."
VetClinicConsultant,1,"Consulted with veterinarians on complex cases today. Collaborative efforts lead to better outcomes for our animal patients."
MedTechSara,2,"Assisted medical professionals in performing diagnostic tests and analyzing patient samples. Every contribution matters in the field of healthcare."
DrGarciaMD,0,"Diagnosed and treated several patients today. Being a doctor is both challenging and rewarding."
VetClinicManager,2,"Managed operations at the veterinary clinic and ensured smooth workflow. Keeping our furry patients healthy and happy!"
MedSchoolDreamer,2,"Dreaming of becoming a medical doctor one day. Studying hard to achieve my goals!"
DrPawsome,1,"Provided vaccinations and preventive care to pets today. Keeping our furry friends healthy is my priority!"
NurseAngelica,2,"Provided compassionate care to patients and supported doctors in their treatment plans. Nursing is my passion!"
VetResearcher,2,"Conducted research to advance veterinary medicine and improve animal health outcomes. Excited to contribute to the field!"
MedTechJason,2,"Performed various medical tests and procedures under the guidance of doctors. Every day brings new learning opportunities!"
DrCaringHands,0,"Spent the day comforting patients and providing them with the care they need. Compassion is key in medicine."
VetAssistantGrace,2,"Assisted veterinarians in providing care to our animal patients. Every animal deserves love and attention!"
DrAndersonMD,0,"Just finished rounds at the hospital. It's amazing to see the progress some of my patients are making."
VetCarePro,1,"Today was a busy day at the clinic but I'm grateful for the opportunity to help animals and their owners."
DrMendezMD,0,"Conducted several patient consultations today. Communication with patients is key to providing effective care."
VetHealer,1,"Performed a successful surgery on a beloved pet today. Seeing the joy in the owner's eyes makes it all worthwhile."
DrThompsonMD,0,"Reviewed test results and adjusted treatment plans accordingly. Every patient is unique and requires personalized care."
VetLifeSaver,1,"Administered emergency care to an injured animal today. It's moments like these that remind me why I became a veterinarian."
DrChangMD,0,"Collaborated with specialists to develop comprehensive treatment plans for complex cases. Teamwork is crucial in medicine."
VetClinicHero,1,"Assisted in a challenging case today and helped save a pet's life. Proud to be part of a dedicated veterinary team."
DrRobertsMD,0,"Delivered some good news to a patient today after successful treatment. Moments like these make the hard work worth it."
VetCompanionCare,1,"Provided compassionate end-of-life care to a beloved pet today. It's never easy but knowing we eased their suffering brings comfort."
DrSanchezMD,0,"Educated patients about their conditions and encouraged them to take an active role in their health management. Patient empowerment is key."
VetWellnessExpert,1,"Offered preventive care advice to pet owners today. Keeping pets healthy and happy is the goal!"
DrHernandezMD,0,"Conducted research on new treatment modalities to improve patient outcomes. Excited about the potential impact on patient care."
VetSurgeryWhiz,1,"Performed a successful orthopedic surgery on a dog today. Grateful for the opportunity to make a difference in the lives of animals."
FutureDrThomasMD,0,"I will be attending a medical conference next week to learn about the latest advancements in my field."
FutureVetCarePro,1,"I plan to volunteer at a local animal shelter next month to gain more hands-on experience with different species."
FutureDrParkerMD,0,"Next year I will specialize in cardiology to focus on treating patients with heart conditions."
FutureVetClinicExpert,1,"In the future I hope to open my own veterinary clinic to provide personalized care to pets in my community."
FutureDrChangMD,0,"I am excited to join a research team next summer to study new treatment options for cancer patients."
FutureVetAnimalAdvocate,1,"Next year I will participate in a campaign to raise awareness about the importance of spaying and neutering pets."
FutureDrRodriguezMD,0,"I plan to mentor medical students in the future to help them navigate their journey through medical school."
FutureVetWellnessChampion,1,"In the coming years I aim to specialize in veterinary nutrition to promote optimal health for pets."
FutureDrGarciaMD,0,"I will volunteer at a free medical clinic next month to provide care to underserved communities."
FutureVetEmergencyHero,1,"In the future I aspire to become a certified veterinary emergency and critical care specialist to save more lives."
FutureDrLopezMD,0,"Next year I will participate in a medical mission trip to provide healthcare services to rural communities in need."
FutureVetClinicCompassion,1,"I plan to volunteer at an animal rescue organization next summer to help rehabilitate injured and neglected animals."
FutureDrYoungMD,0,"I will pursue further training in robotic surgery techniques to offer minimally invasive procedures to my patients in the future."
FutureVetRehabilitationSpecialist,1,"In the coming years I hope to specialize in veterinary rehabilitation to help animals recover from injuries and surgeries."
FutureDrSanchezMD,0,"Next semester I will enroll in a medical Spanish course to better communicate with Spanish-speaking patients."
FutureVetDentalCareExpert,1,"I aim to complete additional training in veterinary dentistry to provide comprehensive dental care to pets in the future."
DrNguyenMD,0,"Spent time mentoring medical students today. It's important to pass on knowledge and skills to the next generation of doctors."
VetAnimalAdvocate,1,"Advocated for animal welfare in the community today. Every voice matters in ensuring animals receive the care and respect they deserve."
DrLeeMD,0,"Provided emotional support to patients and their families during difficult times. Compassion is at the heart of medicine."
VetPawsAndClaws,1,"Assisted in a dental procedure for a feline patient today. Dental health is crucial for overall pet wellness!"
DrRamirezMD,0,"Conducted comprehensive health assessments for patients today focusing on preventive care and early intervention."
VetCareAdvocate,1,"Raised awareness about the importance of regular flea and tick prevention for pets. Prevention is key to keeping our furry friends healthy and happy!"
DrFisherMD,0,"Attended a medical conference to stay updated on the latest research and advancements in my field. Lifelong learning is essential for providing quality care."
VetWellnessChampion,1,"Hosted a pet wellness workshop at the clinic today educating pet owners on nutrition exercise and preventive care."
DrHarrisMD,0,"Performed rounds in the ICU monitoring critically ill patients and adjusting treatment plans as necessary."
VetSurgeryExpertise,1,"Performed a delicate surgical procedure on a small animal patient ensuring precision and care throughout the operation."
DrLopezMD,0,"Provided compassionate end-of-life care to a terminally ill patient and their family. Supporting patients through difficult times is an honor."
VetAnimalGuardian,1,"Advocated for animal welfare legislation in the community working to protect the rights and well-being of all animals."
DrBaileyMD,0,"Collaborated with specialists to develop a personalized treatment plan for a patient with a complex medical condition."
VetEmergencyHero,1,"Responded to a pet emergency during after-hours providing urgent care and stabilizing the patient for further treatment."
DrGomezMD,0,"Delivered a presentation on the importance of mental health awareness among medical professionals. Self-care is crucial for maintaining well-being."
VetClinicCompassion,1,"Provided comfort and support to pet owners facing difficult decisions about their pets' care. Compassion is at the heart of veterinary medicine."
DrWrightMD,0,"Performed a successful organ transplant surgery today giving a patient a new lease on life."
VetRehabilitationSpecialist,1,"Implemented a personalized rehabilitation program for a pet recovering from surgery focusing on strength mobility and pain management."
DrPerezMD,0,"Collaborated with a team of healthcare professionals to provide comprehensive care for patients with chronic conditions."
VetCommunityAdvocate,1,"Organized a community pet adoption event finding forever homes for animals in need and promoting responsible pet ownership."
DrMitchellMD,0,"Conducted groundbreaking research on a rare disease advancing our understanding and treatment options."
VetDentalCareExpert,1,"Performed dental cleanings and extractions for pets with dental disease improving their oral health and overall well-being."
CurrentDrSmithMD,0,"I am currently completing my residency in internal medicine at a local hospital."
CurrentVetCareExpert,1,"I am currently performing routine check-ups and vaccinations for pets at the clinic."
CurrentDrJonesMD,0,"I am currently conducting research on the effectiveness of new treatment methods for diabetes."
CurrentVetClinicExpertise,1,"I am currently assisting in surgical procedures and post-operative care for animals."
CurrentDrGomezMD,0,"I am currently volunteering at a free clinic to provide medical care to underserved communities."
CurrentVetAnimalGuardian,1,"I am currently advocating for animal welfare and promoting responsible pet ownership in my community."
CurrentDrMartinezMD,0,"I am currently mentoring medical students and guiding them through their clinical rotations."
CurrentVetEmergencyHero,1,"I am currently responding to emergency calls and providing urgent care to injured animals."
CurrentDrLeeMD,0,"I am currently specializing in pediatric medicine and caring for young patients at the hospital."
CurrentVetClinicCompassion,1,"I am currently comforting pet owners and providing support during difficult decisions about their pets' care."
CurrentDrWangMD,0,"I am currently attending conferences and workshops to stay updated on the latest medical advancements."
CurrentVetSurgerySpecialist,1,"I am currently performing complex surgical procedures and ensuring the well-being of surgical patients."
CurrentDrNguyenMD,0,"I am currently participating in clinical trials to evaluate new medications for the treatment of cardiovascular diseases."
CurrentVetWellnessChampion,1,"I am currently educating pet owners on the importance of preventive care and proper nutrition for their pets."
CurrentDrGarciaMD,0,"I am currently collaborating with other healthcare professionals to develop treatment plans for patients with chronic conditions."
CurrentVetRehabilitationExpert,1,"I am currently designing personalized rehabilitation programs for animals recovering from injuries or surgeries."
CurrentDrRamirezMD,0,"I am currently volunteering at a local shelter to provide medical care to homeless individuals."
CurrentVetDentalCarePro,1,"I am currently performing dental cleanings and extractions to improve the oral health of pets."
